topology,amplitude,sample,hidden_node,reference_node,horizon_steps,tau_frames,tau_seconds,num_state_nodes,num_state_features,train_r2_raw,test_r2_raw,train_nmse,test_nmse,memory_capacity_raw,memory_capacity_clipped
topology_10_prestress,amp=2.5,sample_0,10,0,5,0,0.0,14,28,0.9999951812162254,0.9999906082089769,4.818783774567799e-06,9.391791023097983e-06,0.9999906082089769,0.9999906082089769
topology_10_prestress,amp=2.5,sample_0,10,0,5,1,0.03336644172668457,14,28,0.9610910358766135,0.9659754840198777,0.03890896412338656,0.03402451598012231,0.9659754840198777,0.9659754840198777
topology_10_prestress,amp=2.5,sample_0,10,0,5,2,0.06673288345336914,14,28,0.878664631064102,0.902841057740335,0.121335368935898,0.09715894225966501,0.902841057740335,0.902841057740335
topology_10_prestress,amp=2.5,sample_0,10,0,5,3,0.10009932518005371,14,28,0.7858614923047986,0.8327998548724544,0.21413850769520143,0.16720014512754552,0.8327998548724544,0.8327998548724544
topology_10_prestress,amp=2.5,sample_0,10,0,5,4,0.13346576690673828,14,28,0.7026748760436284,0.7636520928714213,0.29732512395637156,0.23634790712857864,0.7636520928714213,0.7636520928714213
topology_10_prestress,amp=2.5,sample_0,10,0,5,5,0.16683220863342285,14,28,0.6431905878926358,0.7049919824488392,0.35680941210736417,0.2950080175511608,0.7049919824488392,0.7049919824488392
topology_10_prestress,amp=2.5,sample_0,10,0,5,6,0.20019865036010742,14,28,0.5866391739211736,0.6345742378896584,0.4133608260788264,0.3654257621103416,0.6345742378896584,0.6345742378896584
topology_10_prestress,amp=2.5,sample_0,10,0,5,7,0.233565092086792,14,28,0.5273986986398518,0.5628594323666032,0.4726013013601482,0.4371405676333968,0.5628594323666032,0.5628594323666032
topology_10_prestress,amp=2.5,sample_0,10,0,5,8,0.26693153381347656,14,28,0.48034261543651813,0.49341216299226853,0.5196573845634819,0.5065878370077315,0.49341216299226853,0.49341216299226853
topology_10_prestress,amp=2.5,sample_0,10,0,5,9,0.30029797554016113,14,28,0.4320730126910457,0.44138580715024334,0.5679269873089543,0.5586141928497567,0.44138580715024334,0.44138580715024334
topology_10_prestress,amp=2.5,sample_0,10,0,5,10,0.3336644172668457,14,28,0.38136602162425814,0.3873874937771711,0.6186339783757419,0.6126125062228289,0.3873874937771711,0.3873874937771711
topology_10_prestress,amp=2.5,sample_0,10,0,5,11,0.3670308589935303,14,28,0.3465646449807508,0.331163911597835,0.6534353550192492,0.668836088402165,0.331163911597835,0.331163911597835
topology_10_prestress,amp=2.5,sample_0,10,0,5,12,0.40039730072021484,14,28,0.33005585734950105,0.3068289197854822,0.669944142650499,0.6931710802145178,0.3068289197854822,0.3068289197854822
topology_10_prestress,amp=2.5,sample_0,10,0,5,13,0.4337637424468994,14,28,0.3163931504584022,0.28263598292656866,0.6836068495415978,0.7173640170734313,0.28263598292656866,0.28263598292656866
topology_10_prestress,amp=2.5,sample_0,10,0,5,14,0.467130184173584,14,28,0.299768858059,0.23842417683088168,0.700231141941,0.7615758231691183,0.23842417683088168,0.23842417683088168
topology_10_prestress,amp=2.5,sample_0,10,0,5,15,0.5004966259002686,14,28,0.2954657155903815,0.18485317710177007,0.7045342844096185,0.8151468228982299,0.18485317710177007,0.18485317710177007
topology_10_prestress,amp=2.5,sample_0,10,0,5,16,0.5338630676269531,14,28,0.3024143761314795,0.12189937304686416,0.6975856238685205,0.8781006269531358,0.12189937304686416,0.12189937304686416
topology_10_prestress,amp=2.5,sample_0,10,0,5,17,0.5672295093536377,14,28,0.3123072378782076,0.03442739141254203,0.6876927621217924,0.965572608587458,0.03442739141254203,0.03442739141254203
topology_10_prestress,amp=2.5,sample_0,10,0,5,18,0.6005959510803223,14,28,0.3226937300560492,-0.05570530888719083,0.6773062699439508,1.0557053088871908,-0.05570530888719083,0.0
topology_10_prestress,amp=2.5,sample_0,10,0,5,19,0.6339623928070068,14,28,0.33261977591008085,-0.1341822321822408,0.6673802240899191,1.1341822321822408,-0.1341822321822408,0.0
topology_10_prestress,amp=2.5,sample_0,10,0,5,20,0.6673288345336914,14,28,0.33982599044326656,-0.2169120981970909,0.6601740095567334,1.216912098197091,-0.2169120981970909,0.0
topology_10_prestress,amp=2.5,sample_0,10,0,5,21,0.700695276260376,14,28,0.3395566407478374,-0.22841402644311182,0.6604433592521626,1.2284140264431118,-0.22841402644311182,0.0
topology_10_prestress,amp=2.5,sample_0,10,0,5,22,0.7340617179870605,14,28,0.34156189238520995,-0.23969723751658,0.65843810761479,1.23969723751658,-0.23969723751658,0.0
topology_10_prestress,amp=2.5,sample_0,10,0,5,23,0.7674281597137451,14,28,0.33468923939569817,-0.29237961492468356,0.6653107606043018,1.2923796149246836,-0.29237961492468356,0.0
topology_10_prestress,amp=2.5,sample_0,10,0,5,24,0.8007946014404297,14,28,0.31564510110354715,-0.303805084743092,0.6843548988964528,1.303805084743092,-0.303805084743092,0.0
topology_10_prestress,amp=2.5,sample_0,10,0,5,25,0.8341610431671143,14,28,0.29909354136759814,-0.32376005306765654,0.7009064586324019,1.3237600530676565,-0.32376005306765654,0.0
topology_10_prestress,amp=2.5,sample_0,10,0,5,26,0.8675274848937988,14,28,0.2880617304245501,-0.33368923976402765,0.7119382695754499,1.3336892397640276,-0.33368923976402765,0.0
topology_10_prestress,amp=2.5,sample_0,10,0,5,27,0.9008939266204834,14,28,0.2807668458279894,-0.27505295713387423,0.7192331541720106,1.2750529571338742,-0.27505295713387423,0.0
topology_10_prestress,amp=2.5,sample_0,10,0,5,28,0.934260368347168,14,28,0.2712244520805548,-0.22442821543369895,0.7287755479194452,1.224428215433699,-0.22442821543369895,0.0
topology_10_prestress,amp=2.5,sample_0,10,0,5,29,0.9676268100738525,14,28,0.2535442791991783,-0.22999067172170973,0.7464557208008217,1.2299906717217097,-0.22999067172170973,0.0
topology_10_prestress,amp=2.5,sample_0,10,0,5,30,1.000993251800537,14,28,0.235581134265611,-0.24793519045615442,0.764418865734389,1.2479351904561544,-0.24793519045615442,0.0
topology_10_prestress,amp=2.5,sample_1,10,0,5,0,0.0,14,28,0.9999964627437296,0.9999974886431815,3.537256270484807e-06,2.511356818478126e-06,0.9999974886431815,0.9999974886431815
topology_10_prestress,amp=2.5,sample_1,10,0,5,1,0.03336644172668457,14,28,0.960691892345944,0.9779584753561049,0.03930810765405606,0.022041524643895135,0.9779584753561049,0.9779584753561049
topology_10_prestress,amp=2.5,sample_1,10,0,5,2,0.06673288345336914,14,28,0.8789892162538633,0.9301048259527145,0.12101078374613675,0.06989517404728551,0.9301048259527145,0.9301048259527145
topology_10_prestress,amp=2.5,sample_1,10,0,5,3,0.10009932518005371,14,28,0.781015749628724,0.876007044798394,0.21898425037127603,0.12399295520160601,0.876007044798394,0.876007044798394
topology_10_prestress,amp=2.5,sample_1,10,0,5,4,0.13346576690673828,14,28,0.6787689501483459,0.8181713569980646,0.32123104985165407,0.18182864300193533,0.8181713569980646,0.8181713569980646
topology_10_prestress,amp=2.5,sample_1,10,0,5,5,0.16683220863342285,14,28,0.6100486591355976,0.7524861563711456,0.3899513408644025,0.2475138436288544,0.7524861563711456,0.7524861563711456
topology_10_prestress,amp=2.5,sample_1,10,0,5,6,0.20019865036010742,14,28,0.5530265000422838,0.6871542306940814,0.44697349995771624,0.31284576930591856,0.6871542306940814,0.6871542306940814
topology_10_prestress,amp=2.5,sample_1,10,0,5,7,0.233565092086792,14,28,0.490223029992085,0.6344156925553956,0.509776970007915,0.36558430744460435,0.6344156925553956,0.6344156925553956
topology_10_prestress,amp=2.5,sample_1,10,0,5,8,0.26693153381347656,14,28,0.43436627776648196,0.585877231083572,0.565633722233518,0.414122768916428,0.585877231083572,0.585877231083572
topology_10_prestress,amp=2.5,sample_1,10,0,5,9,0.30029797554016113,14,28,0.38335675641728906,0.5375234213443996,0.6166432435827109,0.46247657865560043,0.5375234213443996,0.5375234213443996
topology_10_prestress,amp=2.5,sample_1,10,0,5,10,0.3336644172668457,14,28,0.33097707016377176,0.47890826728043734,0.6690229298362282,0.5210917327195627,0.47890826728043734,0.47890826728043734
topology_10_prestress,amp=2.5,sample_1,10,0,5,11,0.3670308589935303,14,28,0.2974607591732994,0.41788044310496875,0.7025392408267006,0.5821195568950313,0.41788044310496875,0.41788044310496875
topology_10_prestress,amp=2.5,sample_1,10,0,5,12,0.40039730072021484,14,28,0.28164302073439207,0.3850737111686334,0.7183569792656079,0.6149262888313666,0.3850737111686334,0.3850737111686334
topology_10_prestress,amp=2.5,sample_1,10,0,5,13,0.4337637424468994,14,28,0.2690717082028229,0.37417911391031033,0.7309282917971771,0.6258208860896897,0.37417911391031033,0.37417911391031033
topology_10_prestress,amp=2.5,sample_1,10,0,5,14,0.467130184173584,14,28,0.2531592193396516,0.3594479258604061,0.7468407806603484,0.6405520741395939,0.3594479258604061,0.3594479258604061
topology_10_prestress,amp=2.5,sample_1,10,0,5,15,0.5004966259002686,14,28,0.24669300348361367,0.34209078679359783,0.7533069965163863,0.6579092132064022,0.34209078679359783,0.34209078679359783
topology_10_prestress,amp=2.5,sample_1,10,0,5,16,0.5338630676269531,14,28,0.23794025107174988,0.32416345032528493,0.7620597489282501,0.6758365496747151,0.32416345032528493,0.32416345032528493
topology_10_prestress,amp=2.5,sample_1,10,0,5,17,0.5672295093536377,14,28,0.22726099788626952,0.3021663317905985,0.7727390021137305,0.6978336682094015,0.3021663317905985,0.3021663317905985
topology_10_prestress,amp=2.5,sample_1,10,0,5,18,0.6005959510803223,14,28,0.22117355124525118,0.2965859860732003,0.7788264487547488,0.7034140139267997,0.2965859860732003,0.2965859860732003
topology_10_prestress,amp=2.5,sample_1,10,0,5,19,0.6339623928070068,14,28,0.21621563123530096,0.29084346352445,0.783784368764699,0.70915653647555,0.29084346352445,0.29084346352445
topology_10_prestress,amp=2.5,sample_1,10,0,5,20,0.6673288345336914,14,28,0.21399419172374656,0.25564081849270825,0.7860058082762534,0.7443591815072917,0.25564081849270825,0.25564081849270825
topology_10_prestress,amp=2.5,sample_1,10,0,5,21,0.700695276260376,14,28,0.21991117152021322,0.2025522004904463,0.7800888284797868,0.7974477995095537,0.2025522004904463,0.2025522004904463
topology_10_prestress,amp=2.5,sample_1,10,0,5,22,0.7340617179870605,14,28,0.2247900079300963,0.16615535063751374,0.7752099920699037,0.8338446493624863,0.16615535063751374,0.16615535063751374
topology_10_prestress,amp=2.5,sample_1,10,0,5,23,0.7674281597137451,14,28,0.22701486541051397,0.13586909531712998,0.772985134589486,0.86413090468287,0.13586909531712998,0.13586909531712998
topology_10_prestress,amp=2.5,sample_1,10,0,5,24,0.8007946014404297,14,28,0.22927355092440993,0.1153494419989507,0.7707264490755901,0.8846505580010493,0.1153494419989507,0.1153494419989507
topology_10_prestress,amp=2.5,sample_1,10,0,5,25,0.8341610431671143,14,28,0.22442753197866605,0.12288673795388394,0.775572468021334,0.8771132620461161,0.12288673795388394,0.12288673795388394
topology_10_prestress,amp=2.5,sample_1,10,0,5,26,0.8675274848937988,14,28,0.23159602691652847,0.11835563019475326,0.7684039730834715,0.8816443698052467,0.11835563019475326,0.11835563019475326
topology_10_prestress,amp=2.5,sample_1,10,0,5,27,0.9008939266204834,14,28,0.24888029662345934,0.1060162029491779,0.7511197033765407,0.8939837970508221,0.1060162029491779,0.1060162029491779
topology_10_prestress,amp=2.5,sample_1,10,0,5,28,0.934260368347168,14,28,0.2580406591235588,0.08483292047212376,0.7419593408764412,0.9151670795278762,0.08483292047212376,0.08483292047212376
topology_10_prestress,amp=2.5,sample_1,10,0,5,29,0.9676268100738525,14,28,0.260221482212332,0.043381101276082745,0.739778517787668,0.9566188987239173,0.043381101276082745,0.043381101276082745
topology_10_prestress,amp=2.5,sample_1,10,0,5,30,1.000993251800537,14,28,0.26273469695170426,-0.007293525131333745,0.7372653030482957,1.0072935251313337,-0.007293525131333745,0.0
topology_10_prestress,amp=2.5,sample_2,10,0,5,0,0.0,14,28,0.9999941225564346,0.9999913395856826,5.87744356534273e-06,8.660414317396045e-06,0.9999913395856826,0.9999913395856826
topology_10_prestress,amp=2.5,sample_2,10,0,5,1,0.03336668014526367,14,28,0.9595560152412812,0.9747435282902206,0.040443984758718854,0.025256471709779373,0.9747435282902206,0.9747435282902206
topology_10_prestress,amp=2.5,sample_2,10,0,5,2,0.06673336029052734,14,28,0.8772266421811858,0.9243115648418725,0.1227733578188141,0.07568843515812754,0.9243115648418725,0.9243115648418725
topology_10_prestress,amp=2.5,sample_2,10,0,5,3,0.10010004043579102,14,28,0.7785051774485705,0.8708867868866557,0.22149482255142952,0.12911321311334434,0.8708867868866557,0.8708867868866557
topology_10_prestress,amp=2.5,sample_2,10,0,5,4,0.1334667205810547,14,28,0.6883912474276075,0.8087805634657659,0.3116087525723925,0.19121943653423412,0.8087805634657659,0.8087805634657659
topology_10_prestress,amp=2.5,sample_2,10,0,5,5,0.16683340072631836,14,28,0.628618934381306,0.7374179560544603,0.37138106561869405,0.2625820439455398,0.7374179560544603,0.7374179560544603
topology_10_prestress,amp=2.5,sample_2,10,0,5,6,0.20020008087158203,14,28,0.5744119796055869,0.6552522969003798,0.4255880203944131,0.34474770309962016,0.6552522969003798,0.6552522969003798
topology_10_prestress,amp=2.5,sample_2,10,0,5,7,0.2335667610168457,14,28,0.5124967164519474,0.563621176010269,0.48750328354805256,0.43637882398973105,0.563621176010269,0.563621176010269
topology_10_prestress,amp=2.5,sample_2,10,0,5,8,0.2669334411621094,14,28,0.4661414620718751,0.4806905312993709,0.5338585379281249,0.5193094687006291,0.4806905312993709,0.4806905312993709
topology_10_prestress,amp=2.5,sample_2,10,0,5,9,0.30030012130737305,14,28,0.42420492229152396,0.4220862369039433,0.575795077708476,0.5779137630960567,0.4220862369039433,0.4220862369039433
topology_10_prestress,amp=2.5,sample_2,10,0,5,10,0.3336668014526367,14,28,0.3721323585514118,0.37907198651943763,0.6278676414485882,0.6209280134805624,0.37907198651943763,0.37907198651943763
topology_10_prestress,amp=2.5,sample_2,10,0,5,11,0.3670334815979004,14,28,0.3350349468904201,0.3219777206294676,0.6649650531095799,0.6780222793705324,0.3219777206294676,0.3219777206294676
topology_10_prestress,amp=2.5,sample_2,10,0,5,12,0.40040016174316406,14,28,0.30924268947670386,0.29422748698466106,0.6907573105232961,0.7057725130153389,0.29422748698466106,0.29422748698466106
topology_10_prestress,amp=2.5,sample_2,10,0,5,13,0.43376684188842773,14,28,0.2819598254094179,0.31282199901398855,0.7180401745905821,0.6871780009860115,0.31282199901398855,0.31282199901398855
topology_10_prestress,amp=2.5,sample_2,10,0,5,14,0.4671335220336914,14,28,0.2623903543129976,0.3312379537916853,0.7376096456870024,0.6687620462083147,0.3312379537916853,0.3312379537916853
topology_10_prestress,amp=2.5,sample_2,10,0,5,15,0.5005002021789551,14,28,0.2522985827571783,0.3199384185852078,0.7477014172428217,0.6800615814147922,0.3199384185852078,0.3199384185852078
topology_10_prestress,amp=2.5,sample_2,10,0,5,16,0.5338668823242188,14,28,0.23607901879497373,0.29468270112376393,0.7639209812050263,0.7053172988762361,0.29468270112376393,0.29468270112376393
topology_10_prestress,amp=2.5,sample_2,10,0,5,17,0.5672335624694824,14,28,0.22807692983836392,0.28098100066338927,0.7719230701616361,0.7190189993366107,0.28098100066338927,0.28098100066338927
topology_10_prestress,amp=2.5,sample_2,10,0,5,18,0.6006002426147461,14,28,0.23031908543629098,0.2850608212411303,0.769680914563709,0.7149391787588697,0.2850608212411303,0.2850608212411303
topology_10_prestress,amp=2.5,sample_2,10,0,5,19,0.6339669227600098,14,28,0.2287375389327163,0.28171771593230754,0.7712624610672837,0.7182822840676925,0.28171771593230754,0.28171771593230754
topology_10_prestress,amp=2.5,sample_2,10,0,5,20,0.6673336029052734,14,28,0.22057702873554974,0.24928369141845608,0.7794229712644503,0.7507163085815439,0.24928369141845608,0.24928369141845608
topology_10_prestress,amp=2.5,sample_2,10,0,5,21,0.7007002830505371,14,28,0.20570057295097888,0.20655923428879408,0.7942994270490211,0.7934407657112059,0.20655923428879408,0.20655923428879408
topology_10_prestress,amp=2.5,sample_2,10,0,5,22,0.7340669631958008,14,28,0.1919443242983413,0.18866499491409927,0.8080556757016587,0.8113350050859007,0.18866499491409927,0.18866499491409927
topology_10_prestress,amp=2.5,sample_2,10,0,5,23,0.7674336433410645,14,28,0.18829733424381556,0.16857736109869925,0.8117026657561844,0.8314226389013007,0.16857736109869925,0.16857736109869925
topology_10_prestress,amp=2.5,sample_2,10,0,5,24,0.8008003234863281,14,28,0.18044197629508218,0.15403177722104366,0.8195580237049178,0.8459682227789563,0.15403177722104366,0.15403177722104366
topology_10_prestress,amp=2.5,sample_2,10,0,5,25,0.8341670036315918,14,28,0.15774267454905722,0.1711879048912579,0.8422573254509428,0.8288120951087421,0.1711879048912579,0.1711879048912579
topology_10_prestress,amp=2.5,sample_2,10,0,5,26,0.8675336837768555,14,28,0.14784764356712643,0.170708287234821,0.8521523564328736,0.829291712765179,0.170708287234821,0.170708287234821
topology_10_prestress,amp=2.5,sample_2,10,0,5,27,0.9009003639221191,14,28,0.15486645542548227,0.17602370132142686,0.8451335445745177,0.8239762986785731,0.17602370132142686,0.17602370132142686
topology_10_prestress,amp=2.5,sample_2,10,0,5,28,0.9342670440673828,14,28,0.16360004553153462,0.19641804542782393,0.8363999544684654,0.8035819545721761,0.19641804542782393,0.19641804542782393
topology_10_prestress,amp=2.5,sample_2,10,0,5,29,0.9676337242126465,14,28,0.1704389931263247,0.2050876247808887,0.8295610068736753,0.7949123752191113,0.2050876247808887,0.2050876247808887
topology_10_prestress,amp=2.5,sample_2,10,0,5,30,1.0010004043579102,14,28,0.16819937824559938,0.19594256227457407,0.8318006217544006,0.8040574377254259,0.19594256227457407,0.19594256227457407
topology_10_prestress,amp=2.5,sample_3,10,0,5,0,0.0,14,28,0.9999991192852866,0.9998694124272809,8.807147134107566e-07,0.00013058757271910894,0.9998694124272809,0.9998694124272809
topology_10_prestress,amp=2.5,sample_3,10,0,5,1,0.03336668014526367,14,28,0.958752902811297,0.9675740146859261,0.04124709718870301,0.032425985314073875,0.9675740146859261,0.9675740146859261
topology_10_prestress,amp=2.5,sample_3,10,0,5,2,0.06673336029052734,14,28,0.8737683974547553,0.9163040773529791,0.12623160254524468,0.08369592264702091,0.9163040773529791,0.9163040773529791
topology_10_prestress,amp=2.5,sample_3,10,0,5,3,0.10010004043579102,14,28,0.770955897843008,0.8390934832246493,0.22904410215699206,0.1609065167753507,0.8390934832246493,0.8390934832246493
topology_10_prestress,amp=2.5,sample_3,10,0,5,4,0.1334667205810547,14,28,0.678888798143145,0.6827902498019224,0.32111120185685504,0.3172097501980776,0.6827902498019224,0.6827902498019224
topology_10_prestress,amp=2.5,sample_3,10,0,5,5,0.16683340072631836,14,28,0.617598792675532,0.30426325309062163,0.3824012073244681,0.6957367469093784,0.30426325309062163,0.30426325309062163
topology_10_prestress,amp=2.5,sample_3,10,0,5,6,0.20020008087158203,14,28,0.5673374080966356,-0.3295254513333341,0.4326625919033645,1.329525451333334,-0.3295254513333341,0.0
topology_10_prestress,amp=2.5,sample_3,10,0,5,7,0.2335667610168457,14,28,0.5075604599980128,-1.324340800093308,0.49243954000198725,2.324340800093308,-1.324340800093308,0.0
topology_10_prestress,amp=2.5,sample_3,10,0,5,8,0.2669334411621094,14,28,0.4587940212016437,-1.971323515151314,0.5412059787983563,2.971323515151314,-1.971323515151314,0.0
topology_10_prestress,amp=2.5,sample_3,10,0,5,9,0.30030012130737305,14,28,0.4067836388343471,-1.7613314595160006,0.5932163611656529,2.7613314595160006,-1.7613314595160006,0.0
topology_10_prestress,amp=2.5,sample_3,10,0,5,10,0.3336668014526367,14,28,0.34398498862836147,-1.1656099347304822,0.6560150113716385,2.1656099347304822,-1.1656099347304822,0.0
topology_10_prestress,amp=2.5,sample_3,10,0,5,11,0.3670334815979004,14,28,0.29469993734916144,-0.480944154369048,0.7053000626508386,1.480944154369048,-0.480944154369048,0.0
topology_10_prestress,amp=2.5,sample_3,10,0,5,12,0.40040016174316406,14,28,0.26812737497726824,0.06001428668718345,0.7318726250227318,0.9399857133128166,0.06001428668718345,0.06001428668718345
topology_10_prestress,amp=2.5,sample_3,10,0,5,13,0.43376684188842773,14,28,0.2408532225891783,0.2502164448578691,0.7591467774108217,0.7497835551421309,0.2502164448578691,0.2502164448578691
topology_10_prestress,amp=2.5,sample_3,10,0,5,14,0.4671335220336914,14,28,0.2135299799414574,0.3846884582308888,0.7864700200585426,0.6153115417691112,0.3846884582308888,0.3846884582308888
topology_10_prestress,amp=2.5,sample_3,10,0,5,15,0.5005002021789551,14,28,0.19670773860044877,0.2879712226859996,0.8032922613995512,0.7120287773140004,0.2879712226859996,0.2879712226859996
topology_10_prestress,amp=2.5,sample_3,10,0,5,16,0.5338668823242188,14,28,0.17701918368766667,-0.5810889206250978,0.8229808163123333,1.5810889206250978,-0.5810889206250978,0.0
topology_10_prestress,amp=2.5,sample_3,10,0,5,17,0.5672335624694824,14,28,0.1677752476695037,-2.4587939237835483,0.8322247523304963,3.4587939237835483,-2.4587939237835483,0.0
topology_10_prestress,amp=2.5,sample_3,10,0,5,18,0.6006002426147461,14,28,0.16549889393446904,-4.464615154823024,0.834501106065531,5.464615154823024,-4.464615154823024,0.0
topology_10_prestress,amp=2.5,sample_3,10,0,5,19,0.6339669227600098,14,28,0.1618212987286155,-5.380953310307206,0.8381787012713845,6.380953310307206,-5.380953310307206,0.0
topology_10_prestress,amp=2.5,sample_3,10,0,5,20,0.6673336029052734,14,28,0.15993843277733955,-5.273802923780193,0.8400615672226605,6.273802923780193,-5.273802923780193,0.0
topology_10_prestress,amp=2.5,sample_3,10,0,5,21,0.7007002830505371,14,28,0.16133390068264175,-4.051737086441843,0.8386660993173582,5.051737086441843,-4.051737086441843,0.0
topology_10_prestress,amp=2.5,sample_3,10,0,5,22,0.7340669631958008,14,28,0.16085813760940293,-3.03307032598918,0.8391418623905971,4.03307032598918,-3.03307032598918,0.0
topology_10_prestress,amp=2.5,sample_3,10,0,5,23,0.7674336433410645,14,28,0.16038599678640775,-2.7938004843700206,0.8396140032135923,3.7938004843700206,-2.7938004843700206,0.0
topology_10_prestress,amp=2.5,sample_3,10,0,5,24,0.8008003234863281,14,28,0.15530386319998035,-2.697756308504422,0.8446961368000196,3.697756308504422,-2.697756308504422,0.0
topology_10_prestress,amp=2.5,sample_3,10,0,5,25,0.8341670036315918,14,28,0.144828380460313,-2.96041805388437,0.855171619539687,3.96041805388437,-2.96041805388437,0.0
topology_10_prestress,amp=2.5,sample_3,10,0,5,26,0.8675336837768555,14,28,0.14226802257827476,-3.0236029479893594,0.8577319774217252,4.023602947989359,-3.0236029479893594,0.0
topology_10_prestress,amp=2.5,sample_3,10,0,5,27,0.9009003639221191,14,28,0.14689113381872343,-2.32043545688161,0.8531088661812766,3.32043545688161,-2.32043545688161,0.0
topology_10_prestress,amp=2.5,sample_3,10,0,5,28,0.9342670440673828,14,28,0.14752674314388592,-1.7854549165786633,0.8524732568561141,2.7854549165786633,-1.7854549165786633,0.0
topology_10_prestress,amp=2.5,sample_3,10,0,5,29,0.9676337242126465,14,28,0.15083640974188817,-1.4022296793390452,0.8491635902581118,2.402229679339045,-1.4022296793390452,0.0
topology_10_prestress,amp=2.5,sample_3,10,0,5,30,1.0010004043579102,14,28,0.15907572238677292,-1.3509373181692568,0.8409242776132271,2.3509373181692568,-1.3509373181692568,0.0
topology_10_prestress,amp=2.5,sample_4,10,0,5,0,0.0,14,28,0.9999978047040688,0.9999964059293638,2.1952959311700848e-06,3.594070636182313e-06,0.9999964059293638,0.9999964059293638
topology_10_prestress,amp=2.5,sample_4,10,0,5,1,0.03336668014526367,14,28,0.9608717555974996,0.9744499921538918,0.0391282444025004,0.025550007846108183,0.9744499921538918,0.9744499921538918
topology_10_prestress,amp=2.5,sample_4,10,0,5,2,0.06673336029052734,14,28,0.8766282941959584,0.9275595815347493,0.1233717058040416,0.07244041846525072,0.9275595815347493,0.9275595815347493
topology_10_prestress,amp=2.5,sample_4,10,0,5,3,0.10010004043579102,14,28,0.7829432736094394,0.8714767876647751,0.21705672639056062,0.12852321233522496,0.8714767876647751,0.8714767876647751
topology_10_prestress,amp=2.5,sample_4,10,0,5,4,0.1334667205810547,14,28,0.690495819566206,0.8076231148765531,0.309504180433794,0.19237688512344686,0.8076231148765531,0.8076231148765531
topology_10_prestress,amp=2.5,sample_4,10,0,5,5,0.16683340072631836,14,28,0.6226073079365944,0.7381132217883448,0.37739269206340564,0.2618867782116551,0.7381132217883448,0.7381132217883448
topology_10_prestress,amp=2.5,sample_4,10,0,5,6,0.20020008087158203,14,28,0.5585404687967341,0.6649769643127182,0.4414595312032658,0.33502303568728176,0.6649769643127182,0.6649769643127182
topology_10_prestress,amp=2.5,sample_4,10,0,5,7,0.2335667610168457,14,28,0.4908708559836913,0.6018995808603439,0.5091291440163087,0.3981004191396561,0.6018995808603439,0.6018995808603439
topology_10_prestress,amp=2.5,sample_4,10,0,5,8,0.2669334411621094,14,28,0.43273607000989445,0.5507172632627005,0.5672639299901056,0.44928273673729946,0.5507172632627005,0.5507172632627005
topology_10_prestress,amp=2.5,sample_4,10,0,5,9,0.30030012130737305,14,28,0.371268122976261,0.5197945944536224,0.628731877023739,0.48020540554637753,0.5197945944536224,0.5197945944536224
topology_10_prestress,amp=2.5,sample_4,10,0,5,10,0.3336668014526367,14,28,0.30408480411486283,0.4901348942002307,0.6959151958851372,0.5098651057997693,0.4901348942002307,0.4901348942002307
topology_10_prestress,amp=2.5,sample_4,10,0,5,11,0.3670334815979004,14,28,0.26172885042594496,0.44512613105069243,0.738271149574055,0.5548738689493076,0.44512613105069243,0.44512613105069243
topology_10_prestress,amp=2.5,sample_4,10,0,5,12,0.40040016174316406,14,28,0.2412855086003547,0.4102896511296088,0.7587144913996453,0.5897103488703912,0.4102896511296088,0.4102896511296088
topology_10_prestress,amp=2.5,sample_4,10,0,5,13,0.43376684188842773,14,28,0.22732421569164518,0.3823375037348997,0.7726757843083548,0.6176624962651003,0.3823375037348997,0.3823375037348997
topology_10_prestress,amp=2.5,sample_4,10,0,5,14,0.4671335220336914,14,28,0.21315531746579286,0.3410313014808223,0.7868446825342071,0.6589686985191777,0.3410313014808223,0.3410313014808223
topology_10_prestress,amp=2.5,sample_4,10,0,5,15,0.5005002021789551,14,28,0.20677205850577363,0.29375305681781105,0.7932279414942264,0.706246943182189,0.29375305681781105,0.29375305681781105
topology_10_prestress,amp=2.5,sample_4,10,0,5,16,0.5338668823242188,14,28,0.20401097923271594,0.24517537633660635,0.7959890207672841,0.7548246236633936,0.24517537633660635,0.24517537633660635
topology_10_prestress,amp=2.5,sample_4,10,0,5,17,0.5672335624694824,14,28,0.1950559093985137,0.2009005999804092,0.8049440906014863,0.7990994000195908,0.2009005999804092,0.2009005999804092
topology_10_prestress,amp=2.5,sample_4,10,0,5,18,0.6006002426147461,14,28,0.1898175197061569,0.1675782177345383,0.8101824802938431,0.8324217822654617,0.1675782177345383,0.1675782177345383
topology_10_prestress,amp=2.5,sample_4,10,0,5,19,0.6339669227600098,14,28,0.18810139324834774,0.12923569661669265,0.8118986067516523,0.8707643033833073,0.12923569661669265,0.12923569661669265
topology_10_prestress,amp=2.5,sample_4,10,0,5,20,0.6673336029052734,14,28,0.17876031993653685,0.07865469761096933,0.8212396800634632,0.9213453023890307,0.07865469761096933,0.07865469761096933
topology_10_prestress,amp=2.5,sample_4,10,0,5,21,0.7007002830505371,14,28,0.16990574393166324,0.039650880072779504,0.8300942560683368,0.9603491199272205,0.039650880072779504,0.039650880072779504
topology_10_prestress,amp=2.5,sample_4,10,0,5,22,0.7340669631958008,14,28,0.16956854397110144,0.013247471084518181,0.8304314560288986,0.9867525289154818,0.013247471084518181,0.013247471084518181
topology_10_prestress,amp=2.5,sample_4,10,0,5,23,0.7674336433410645,14,28,0.16469773637460017,-0.01194951863667204,0.8353022636253998,1.011949518636672,-0.01194951863667204,0.0
topology_10_prestress,amp=2.5,sample_4,10,0,5,24,0.8008003234863281,14,28,0.14923459068507428,-0.0022474118988817793,0.8507654093149257,1.0022474118988818,-0.0022474118988817793,0.0
topology_10_prestress,amp=2.5,sample_4,10,0,5,25,0.8341670036315918,14,28,0.12631292627124935,0.042366818142548945,0.8736870737287507,0.957633181857451,0.042366818142548945,0.042366818142548945
topology_10_prestress,amp=2.5,sample_4,10,0,5,26,0.8675336837768555,14,28,0.11062772698434697,0.07285539229505911,0.889372273015653,0.9271446077049409,0.07285539229505911,0.07285539229505911
topology_10_prestress,amp=2.5,sample_4,10,0,5,27,0.9009003639221191,14,28,0.11116584579241906,0.09327880415683576,0.8888341542075809,0.9067211958431642,0.09327880415683576,0.09327880415683576
topology_10_prestress,amp=2.5,sample_4,10,0,5,28,0.9342670440673828,14,28,0.11335421629278386,0.10626251659991193,0.8866457837072161,0.8937374834000881,0.10626251659991193,0.10626251659991193
topology_10_prestress,amp=2.5,sample_4,10,0,5,29,0.9676337242126465,14,28,0.11515254608245062,0.08850685531200497,0.8848474539175494,0.911493144687995,0.08850685531200497,0.08850685531200497
topology_10_prestress,amp=2.5,sample_4,10,0,5,30,1.0010004043579102,14,28,0.12161532713811107,0.04014686896072661,0.8783846728618889,0.9598531310392734,0.04014686896072661,0.04014686896072661
